Issue,Column,How_detected,Decision,Action,Rows_affected,Reason,Person
"Cột chỉ mục CSV không có tên","Unnamed: 0","Tên cột và dãy số duy nhất 0–129970","Chờ nhóm thống nhất","Chưa xử lý",129971,"Nhiều khả năng là chỉ mục xuất kèm CSV; cần xác nhận trước khi bỏ",""
"Giá trị thiếu","country","df.isna().sum()","Chờ nhóm thống nhất","Chưa xử lý",63,"Cần kiểm tra quan hệ với province và mục tiêu phân tích",""
"Giá trị thiếu","designation","df.isna().sum()","Chờ nhóm thống nhất","Chưa xử lý",37465,"Tỷ lệ thiếu 28,83%; cần chọn giữ null, gắn nhãn hoặc bỏ theo mục tiêu",""
"Giá trị thiếu","price","df.isna().sum()","Chờ nhóm thống nhất","Chưa xử lý",8996,"Giá là biến số quan trọng; cần đánh giá cơ chế thiếu trước khi điền hoặc bỏ",""
"Giá trị thiếu","province","df.isna().sum()","Chờ nhóm thống nhất","Chưa xử lý",63,"Cần đối chiếu theo dòng với country",""
"Giá trị thiếu","region_1","df.isna().sum()","Chờ nhóm thống nhất","Chưa xử lý",21247,"Tỷ lệ thiếu 16,35%",""
"Giá trị thiếu","region_2","df.isna().sum()","Chờ nhóm thống nhất","Chưa xử lý",79460,"Tỷ lệ thiếu 61,14%; có thể không áp dụng cho nhiều quốc gia",""
"Giá trị thiếu","taster_name","df.isna().sum()","Chờ nhóm thống nhất","Chưa xử lý",26244,"Cần kiểm tra ánh xạ với taster_twitter_handle",""
"Giá trị thiếu","taster_twitter_handle","df.isna().sum()","Chờ nhóm thống nhất","Chưa xử lý",31213,"Cần kiểm tra ánh xạ với taster_name",""
"Giá trị thiếu","variety","df.isna().sum()","Chờ nhóm thống nhất","Chưa xử lý",1,"Chỉ một dòng nhưng vẫn cần quyết định có căn cứ",""
"Bản ghi trùng khi bỏ cột chỉ mục","Tất cả trừ Unnamed: 0","df.duplicated(subset=content_columns)","Chờ nhóm thống nhất","Chưa xử lý",9983,"Cần xác định duplicate theo mục tiêu trước khi xóa",""
"Khoảng trắng đầu/cuối","description; designation; region_1; taster_twitter_handle; title; variety; winery","So sánh chuỗi gốc với str.strip()","Đã thực hiện theo phân công","Dùng str.strip() cho các cột văn bản được audit",9577,"Chỉ chuẩn hóa khoảng trắng đầu/cuối; không thay đổi số dòng, cột hoặc missing values","Dũng"
"Biến thể chữ hoa/thường","winery","Nhóm theo str.strip().str.casefold() rồi đếm cách viết gốc","Chờ nhóm thống nhất","Chưa xử lý",27,"Đây là số nhóm tên có biến thể, không phải số dòng; cần kiểm tra tên riêng trước khi gộp",""
"Ứng viên outlier","price","Thống kê mô tả: median 25, Q3 42, max 3300","Chờ nhóm thống nhất","Chưa xử lý","Chưa xác định","Giá cao có thể hợp lệ; cần phân tích phân phối và ngữ cảnh",""
