country,description,designation,points,price,province,region_1,region_2,taster_name,taster_twitter_handle,title,variety,winery
France,"90–92. Barrel sample. This is a solid and dense wine with hints of bitter chocolate along with super-ripe blackberry fruits. The wine has concentration, richness and a fine ageing potential.",Barrel Sample,91,22.0,Bordeaux,Margaux,Not applicable,Roger Voss,@vossroger,Château Pontac-Lynch 2012 Barrel Sample (Margaux),Bordeaux-style Red Blend,Château Pontac-Lynch
France,"90–92. Barrel sample. This is a solid and dense wine with hints of bitter chocolate along with super-ripe blackberry fruits. The wine has concentration, richness and a fine ageing potential.",Barrel Sample,91,22.0,Bordeaux,Moulis-en-Médoc,Not applicable,Roger Voss,@vossroger,Château Maucaillou 2012 Barrel Sample (Moulis-en-Médoc),Bordeaux-style Red Blend,Château Maucaillou
France,"92–94. Barrel sample. With so much spicy fruit, intensely ripe blackberry flavors and solid tannins, all the elements of excellence are here, and powered by a firm structure. This wine has weight and a fine Cabernet concentration.",Barrel Sample,93,22.0,Bordeaux,Pauillac,Not applicable,Roger Voss,@vossroger,Château Grand-Puy-Lacoste 2012 Barrel Sample (Pauillac),Bordeaux-style Red Blend,Château Grand-Puy-Lacoste
France,"92–94. Barrel sample. With so much spicy fruit, intensely ripe blackberry flavors and solid tannins, all the elements of excellence are here, and powered by a firm structure. This wine has weight and a fine Cabernet concentration.",Barrel Sample,93,22.0,Bordeaux,Saint-Julien,Not applicable,Roger Voss,@vossroger,Château Gruaud Larose 2012 Barrel Sample (Saint-Julien),Bordeaux-style Red Blend,Château Gruaud Larose
Italy,"Almost too much of a good thing, Passo is a thick, jammy and modern blend of traditional Italian grapes and international varieties such as Cabernet Sauvignon and Merlot. This is a bold, big wine with a thick, chewy mouthfeel that should be paired with aged cheese or succulent meat.",Passo,88,35.0,Veneto,Rosso del Veronese,Not applicable,Unknown,Not provided,Stefano Accordini 2008 Passo Red (Rosso del Veronese),Red Blend,Stefano Accordini
Italy,"Almost too much of a good thing, Passo is a thick, jammy and modern blend of traditional Italian grapes and international varieties such as Cabernet Sauvignon and Merlot. This is a bold, big wine with a thick, chewy mouthfeel that should be paired with aged cheese or succulent meat.",Passo,88,35.0,Veneto,Rosso del Veronese,Not applicable,Unknown,Not provided,Stefano Accordini 2007 Passo Red (Rosso del Veronese),Red Blend,Stefano Accordini
Greece,"Aromas of citrus, melon and orange blossom start this crisp, elegant white from Cephalonia. On the palate, bright flavors of lemon/lime and white peach are balanced with a stony minerality. A beautiful example of an ancient indigenous variety.",Not specified,88,15.0,Atalanti Valley,Unknown,Not applicable,Susan Kostrzewa,@suskostrzewa,Hatzimichalis 2015 Chardonnay (Atalanti Valley),Chardonnay,Hatzimichalis
Greece,"Aromas of citrus, melon and orange blossom start this crisp, elegant white from Cephalonia. On the palate, bright flavors of lemon/lime and white peach are balanced with a stony minerality. A beautiful example of an ancient indigenous variety.",Not specified,89,22.0,Cephalonia,Unknown,Not applicable,Susan Kostrzewa,@suskostrzewa,Gentilini 2015 Robola (Cephalonia),Robola,Gentilini
Italy,"Aromas of scorched soil, toasted hazelnut, dried black cherry and an earthy whiff of game carry over to the palate along with a note of bitter sage. Firm tannins provide support.",Not specified,88,46.0,Piedmont,Barolo,Not applicable,Kerin O’Keefe,@kerinokeefe,Beni di Batasiolo 2012 Barolo,Nebbiolo,Beni di Batasiolo
Italy,"Aromas of scorched soil, toasted hazelnut, dried black cherry and an earthy whiff of game carry over to the palate along with a note of bitter sage. Firm tannins provide support.",Briccolina,87,90.0,Piedmont,Barolo,Not applicable,Kerin O’Keefe,@kerinokeefe,Beni di Batasiolo 2012 Briccolina (Barolo),Nebbiolo,Beni di Batasiolo
Italy,"Aromas of weedy underbrush, toast, menthol and cherry marinated in spirits emerge in the glass. The palate shows raw sour cherry and a hint of licorice alongside raspy tannins that dry out the finish.",Cannubi,86,100.0,Piedmont,Barolo,Not applicable,Kerin O’Keefe,@kerinokeefe,Marchesi di Barolo 2012 Cannubi (Barolo),Nebbiolo,Marchesi di Barolo
Italy,"Aromas of weedy underbrush, toast, menthol and cherry marinated in spirits emerge in the glass. The palate shows raw sour cherry and a hint of licorice alongside raspy tannins that dry out the finish.",Sarmassa,87,93.0,Piedmont,Barolo,Not applicable,Kerin O’Keefe,@kerinokeefe,Marchesi di Barolo 2012 Sarmassa (Barolo),Nebbiolo,Marchesi di Barolo
Italy,"Aromas of white flower, green pear and flinty mineral mingle in the glass. The bright palate offers creamy Granny Smith apple, nectarine, sage and a light mineral note. Bright acidity gives it a clean finish.",Le Cigliate,88,29.0,Southern Italy,Campi Flegrei,Not applicable,Kerin O’Keefe,@kerinokeefe,Cantine Farro 2013 Le Cigliate Falanghina (Campi Flegrei),Falanghina,Cantine Farro
Italy,"Aromas of white flower, green pear and flinty mineral mingle in the glass. The bright palate offers creamy Granny Smith apple, nectarine, sage and a light mineral note. Bright acidity gives it a clean finish.",Not specified,87,19.0,Southern Italy,Campi Flegrei,Not applicable,Kerin O’Keefe,@kerinokeefe,Cantine Farro 2013 Falanghina (Campi Flegrei),Falanghina,Cantine Farro
US,"Cigar box, café au lait, and dried tobacco aromas are followed by coffee and cherry flavors, with barrel spices lingering on the finish. The wood gets a bit out front but it still delivers enjoyment.",Estate Grown,88,30.0,Washington,Red Mountain,Columbia Valley,Sean P. Sullivan,@wawinereport,Ambassador Vineyard 2013 Estate Grown Syrah (Red Mountain),Syrah,Ambassador Vineyard
US,"Cigar box, café au lait, and dried tobacco aromas are followed by coffee and cherry flavors, with barrel spices lingering on the finish. The wood gets a bit out front but it still delivers enjoyment.",Estate,88,30.0,Washington,Red Mountain,Columbia Valley,Sean P. Sullivan,@wawinereport,Ambassador Vineyard 2013 Estate Syrah (Red Mountain),Syrah,Ambassador Vineyard
Italy,"Classically structured, this still needs to open up but already offers aromas of dark berry, menthol, toast, dried herbs and a whiff of cocoa. The firm palate delivers red cherry, raspberry, mocha, tobacco and licorice accompanied by bracing tannins and fresh acidity.",Scarrone Vigna Mandorlo,91,62.0,Piedmont,Barolo,Not applicable,Kerin O’Keefe,@kerinokeefe,Giacosa Fratelli 2011 Scarrone Vigna Mandorlo (Barolo),Nebbiolo,Giacosa Fratelli
Italy,"Classically structured, this still needs to open up but already offers aromas of dark berry, menthol, toast, dried herbs and a whiff of cocoa. The firm palate delivers red cherry, raspberry, mocha, tobacco and licorice accompanied by bracing tannins and fresh acidity.",Villero,90,58.0,Piedmont,Barolo,Not applicable,Kerin O’Keefe,@kerinokeefe,Boroli 2011 Villero (Barolo),Nebbiolo,Boroli
Italy,"Dark berry, toasted hazelnut and menthol aromas lift out of the glass. The tightly wound palate is still rather closed and on the lean side in terms of fruit richness, but slowly reveals sour cherry, licorice and a note of ground pepper. A tannic backbone provides structure.",Not specified,86,80.0,Piedmont,Barolo,Not applicable,Kerin O’Keefe,@kerinokeefe,Josetta Saffirio 2012 Barolo,Nebbiolo,Josetta Saffirio
Italy,"Dark berry, toasted hazelnut and menthol aromas lift out of the glass. The tightly wound palate is still rather closed and on the lean side in terms of fruit richness, but slowly reveals sour cherry, licorice and a note of ground pepper. A tannic backbone provides structure.",Bussia,89,75.0,Piedmont,Barolo,Not applicable,Kerin O’Keefe,@kerinokeefe,Pecchenino 2012 Bussia (Barolo),Nebbiolo,Pecchenino
Italy,"Delicate aromas of honeysuckle and pear take shape in the glass. The palate isn't very expressive, but eventually displays light notes of mature yellow apple and dried lemon zest. Drink soon to capture the remaining fruit.",Madre Perla,86,27.0,Lombardy,Lugana,Not applicable,Kerin O’Keefe,@kerinokeefe,Perla del Garda 2011 Madre Perla (Lugana),Turbiana,Perla del Garda
Italy,"Delicate aromas of honeysuckle and pear take shape in the glass. The palate isn't very expressive, but eventually displays light notes of mature yellow apple and dried lemon zest. Drink soon to capture the remaining fruit.",San Giacomo,87,26.0,Lombardy,Lugana,Not applicable,Kerin O’Keefe,@kerinokeefe,Malavasi Daniele 2011 San Giacomo (Lugana),Turbiana,Malavasi Daniele
Italy,"Easygoing and enjoyable, this has aromas of mature black-skinned fruit, violet and an earthy whiff of truffle. The juicy simple palate offers black cherry and a hint of baking spice alongside supple tannins. Drink soon.",Not specified,84,15.0,Central Italy,Montepulciano d'Abruzzo,Not applicable,Kerin O’Keefe,@kerinokeefe,Valori 2014 Montepulciano d'Abruzzo,Montepulciano,Valori
Italy,"Easygoing and enjoyable, this has aromas of mature black-skinned fruit, violet and an earthy whiff of truffle. The juicy simple palate offers black cherry and a hint of baking spice alongside supple tannins. Drink soon.",Not specified,86,18.0,Central Italy,Montepulciano d'Abruzzo,Not applicable,Kerin O’Keefe,@kerinokeefe,Quattro Mani 2015 Montepulciano d'Abruzzo,Montepulciano,Quattro Mani
US,"Gravenstein apple, honeysuckle and jasmine aromas show on the relatively boisterous nose of this bottling from a large vineyard on Highway 46 east of Paso Robles. There is compellingly grippy texture to the sip, with ripe flavors of pear and honeydew melon. A salty acidity takes it to the next level.",Not specified,89,24.0,California,Paso Robles,Central Coast,Matt Kettmann,@mattkettmann,Broken Earth 2015 Albariño (Paso Robles),Albariño,Broken Earth
US,"Gravenstein apple, honeysuckle and jasmine aromas show on the relatively boisterous nose of this bottling from a large vineyard on Highway 46 east of Paso Robles. There is compellingly grippy texture to the sip, with ripe flavors of pear and honeydew melon. A salty acidity takes it to the next level.",Not specified,89,24.0,California,Paso Robles,Central Coast,Matt Kettmann,@mattkettmann,Broken Earth 2015 Grenache Blanc (Paso Robles),Grenache Blanc,Broken Earth
Italy,"Green bell pepper, red currant and dark spice aromas lead the nose while the savory palate offers ground black pepper, black cherry, dill and mineral. A blast of blood orange backs up the finish.",Not specified,85,30.0,Northeastern Italy,Collio,Not applicable,Kerin O’Keefe,@kerinokeefe,Ca'Ronesca 2013 Pinot Nero (Collio),Pinot Nero,Ca'Ronesca
Italy,"Green bell pepper, red currant and dark spice aromas lead the nose while the savory palate offers ground black pepper, black cherry, dill and mineral. A blast of blood orange backs up the finish.",Not specified,90,90.0,Northeastern Italy,Collio,Not applicable,Kerin O’Keefe,@kerinokeefe,Zorzon 2013 Cabernet Franc (Collio),Cabernet Franc,Zorzon
US,"Hugely delicious, just a joy to drink. So soft and velvety, so rich in blackberry jam, cassis and chocolate flavors, with the tannins so smooth and round. Really wonderful over the next few years, although the softness and high alcohol suggest it's not an ager.",Vintner Select Cuvée,93,130.0,California,Napa Valley,Napa,Unknown,Not provided,Pride Mountain 2008 Vintner Select Cuvée Cabernet Sauvignon (Napa Valley),Cabernet Sauvignon,Pride Mountain
US,"Hugely delicious, just a joy to drink. So soft and velvety, so rich in blackberry jam, cassis and chocolate flavors, with the tannins so smooth and round. Really wonderful over the next few years, although the softness and high alcohol suggest it's not an ager.",Not specified,93,66.0,California,Napa County-Sonoma County,Napa-Sonoma,Unknown,Not provided,Pride Mountain 2008 Cabernet Sauvignon (Napa County-Sonoma County),Cabernet Sauvignon,Pride Mountain
Austria,"Lifted pear-drop aromas are accompanied by the peppery green of watercress and arugula. The concentrated palate is grounded by earthy, savory yeast notes and framed by fresh lime peel. There is a dollop of riper pear fruit at the core, shining and shimmering with added charm.",Karmeliterberg,91,16.0,Kremstal,Unknown,Not applicable,Anne Krebiehl MW,@AnneInVino,Hermann Moser 2015 Karmeliterberg Grüner Veltliner (Kremstal),Grüner Veltliner,Hermann Moser
Austria,"Lifted pear-drop aromas are accompanied by the peppery green of watercress and arugula. The concentrated palate is grounded by earthy, savory yeast notes and framed by fresh lime peel. There is a dollop of riper pear fruit at the core, shining and shimmering with added charm.",Per Due,90,15.0,Kremstal,Unknown,Not applicable,Anne Krebiehl MW,@AnneInVino,Hermann Moser 2015 Per Due Grüner Veltliner (Kremstal),Grüner Veltliner,Hermann Moser
Italy,"Ripe plum, game, truffle, leather and menthol are some of the aromas you'll find on this earthy wine. The tightly wound palate offers dried black cherry, chopped sage, mint and roasted coffee bean alongside raspy tannins that leave a mouth-drying finish.",Not specified,88,72.0,Tuscany,Brunello di Montalcino,Not applicable,Kerin O’Keefe,@kerinokeefe,La Mannella 2011 Brunello di Montalcino,Sangiovese,La Mannella
Italy,"Ripe plum, game, truffle, leather and menthol are some of the aromas you'll find on this earthy wine. The tightly wound palate offers dried black cherry, chopped sage, mint and roasted coffee bean alongside raspy tannins that leave a mouth-drying finish.",Not specified,87,40.0,Tuscany,Brunello di Montalcino,Not applicable,Kerin O’Keefe,@kerinokeefe,Poggiarellino 2011 Brunello di Montalcino,Sangiovese,Poggiarellino
Italy,"Rose, red berry, mint and anise aromas unfold in the glass. The firm palate offers wild cherry, crushed raspberry, clove, anisette and a mocha note framed in bracing tannins and fresh acidity. Drink 2020–2031.",Not specified,92,64.0,Piedmont,Barolo,Not applicable,Kerin O’Keefe,@kerinokeefe,Cascina Bongiovanni 2011 Barolo,Nebbiolo,Cascina Bongiovanni
Italy,"Rose, red berry, mint and anise aromas unfold in the glass. The firm palate offers wild cherry, crushed raspberry, clove, anisette and a mocha note framed in bracing tannins and fresh acidity. Drink 2020–2031.",Not specified,90,29.0,Piedmont,Barolo,Not applicable,Kerin O’Keefe,@kerinokeefe,Oddero 2011 Barolo,Nebbiolo,Oddero
US,"Seductively tart in lemon pith, cranberry and pomegranate, this refreshing, light-bodied quaff is infinitely enjoyable, both on its own or at the table. It continues to expand on the palate into an increasing array of fresh flavors, finishing in cherry and orange.",Woods Vineyard Rosé of,91,29.0,California,Russian River Valley,Sonoma,Virginie Boone,@vboone,Ousterhout 2014 Woods Vineyard Rosé of Pinot Noir (Russian River Valley),Pinot Noir,Ousterhout
US,"Seductively tart in lemon pith, cranberry and pomegranate, this refreshing, light-bodied quaff is infinitely enjoyable, both on its own or at the table. It continues to expand on the palate into an increasing array of fresh flavors, finishing in cherry and orange.",800 Vines Jenna's Vineyard Rosé of,89,25.0,California,Russian River Valley,Sonoma,Virginie Boone,@vboone,Ousterhout 2014 800 Vines Jenna's Vineyard Rosé of Pinot Noir (Russian River Valley),Pinot Noir,Ousterhout
US,"Sharp, simple and candied, with blackberry jam and cola flavors. The tannins are rugged, and the wine finishes with a scour of acidity. Seems at its best now.",Not specified,85,20.0,California,Napa Valley,Napa,Unknown,Not provided,BonAnno 2008 Cabernet Sauvignon (Napa Valley),Cabernet Sauvignon,BonAnno
US,"Sharp, simple and candied, with blackberry jam and cola flavors. The tannins are rugged, and the wine finishes with a scour of acidity. Seems at its best now.",Yverdon Vineyard,86,65.0,California,Spring Mountain District,Napa,Unknown,Not provided,Terra Valentine 2007 Yverdon Vineyard Cabernet Sauvignon (Spring Mountain District),Cabernet Sauvignon,Terra Valentine
Italy,"Sleek by Amarone standards, this opens with aromas of ripe black cherry, ground pepper, raisin and a whiff of blue flower. On the palate, finely woven tannins support raspberry jam, black pepper, cocoa and a cinnamon note.",Not specified,93,65.0,Veneto,Amarone della Valpolicella,Not applicable,Kerin O’Keefe,@kerinokeefe,Tedeschi 2011 Amarone della Valpolicella,Red Blend,Tedeschi
Italy,"Sleek by Amarone standards, this opens with aromas of ripe black cherry, ground pepper, raisin and a whiff of blue flower. On the palate, finely woven tannins support raspberry jam, black pepper, cocoa and a cinnamon note.",Not specified,90,40.0,Veneto,Amarone della Valpolicella,Not applicable,Kerin O’Keefe,@kerinokeefe,Villa Annaberta 2012 Amarone della Valpolicella,Red Blend,Villa Annaberta
Argentina,"Stalky aromas suggest hay and green herbs, with raspberry in the backdrop. It's hot and short in terms of mouthfeel, with herbal flavors leading the way and berry fruit running behind. Dry red fruit and herbal notes dominate the finish.",Finca La Niña,84,10.0,Mendoza Province,Mendoza,Not applicable,Michael Schachner,@wineschach,Don Cristobal 1492 2010 Finca La Niña Malbec (Mendoza),Malbec,Don Cristobal 1492
Argentina,"Stalky aromas suggest hay and green herbs, with raspberry in the backdrop. It's hot and short in terms of mouthfeel, with herbal flavors leading the way and berry fruit running behind. Dry red fruit and herbal notes dominate the finish.",Finca La Niña,84,10.0,Mendoza Province,Mendoza,Not applicable,Michael Schachner,@wineschach,Don Cristobal 1492 2010 Finca La Niña Cabernet Sauvignon (Mendoza),Cabernet Sauvignon,Don Cristobal 1492
US,Strong mint and menthol aromatics give way to intense fresh-cut cedar flavors. There's just too much wood for this woodchuck to chuck.,Not specified,82,18.0,New York,North Fork of Long Island,Long Island,Joe Czerwinski,@JoeCz,Hargrave 1998 Merlot (North Fork of Long Island),Merlot,Hargrave
US,Strong mint and menthol aromatics give way to intense fresh-cut cedar flavors. There's just too much wood for this woodchuck to chuck.,Hargrave Vineyard,82,18.0,New York,North Fork of Long Island,Long Island,Joe Czerwinski,@JoeCz,Castello di Borghese 1998 Hargrave Vineyard Merlot (North Fork of Long Island),Merlot,Castello di Borghese
Italy,"Subtle aromas of acacia flower and a whiff of almond lead the way. The round, easygoing palate offers pear, citrus peel and a hint of hazelnut alongside soft acidity.",Not specified,87,25.0,Piedmont,Roero,Not applicable,Kerin O’Keefe,@kerinokeefe,Bersano 2015 Roero,Arneis,Bersano
Italy,"Subtle aromas of acacia flower and a whiff of almond lead the way. The round, easygoing palate offers pear, citrus peel and a hint of hazelnut alongside soft acidity.",Monfrigio,86,20.0,Piedmont,Roero,Not applicable,Kerin O’Keefe,@kerinokeefe,Dezzani 2015 Monfrigio (Roero),Arneis,Dezzani
Italy,"Subtle aromas of dark berry, tilled earth and baking spice lead the nose. The ripe, juicy palate doles out mature plum, cassis, anise and black pepper alongside round, solid tannins. Drink through 2018.",Abtei Muri Riserva,90,60.0,Northeastern Italy,Alto Adige,Not applicable,Kerin O’Keefe,@kerinokeefe,Muri-Gries 2011 Abtei Muri Riserva Lagrein (Alto Adige),Lagrein,Muri-Gries
Italy,"Subtle aromas of dark berry, tilled earth and baking spice lead the nose. The ripe, juicy palate doles out mature plum, cassis, anise and black pepper alongside round, solid tannins. Drink through 2018.",Puntay Riserva,88,30.0,Northeastern Italy,Alto Adige,Not applicable,Kerin O’Keefe,@kerinokeefe,Erste Neue 2011 Puntay Riserva Lagrein (Alto Adige),Lagrein,Erste Neue
Italy,"The subdued nose eventually reveals black cherry, anise and a whiff of chopped herb that carry over to the straightforward, informal palate. Dusty, drying tannins and a note of bitter sage leave an astringent finish.",Marchese Montefusco,85,10.0,Sicily & Sardinia,Terre Siciliane,Not applicable,Kerin O’Keefe,@kerinokeefe,Cantine Ermes 2014 Marchese Montefusco Nero d'Avola (Terre Siciliane),Nero d'Avola,Cantine Ermes
Italy,"The subdued nose eventually reveals black cherry, anise and a whiff of chopped herb that carry over to the straightforward, informal palate. Dusty, drying tannins and a note of bitter sage leave an astringent finish.",Poggionotte,86,18.0,Sicily & Sardinia,Terre Siciliane,Not applicable,Kerin O’Keefe,@kerinokeefe,Di Giovanna 2013 Poggionotte Red (Terre Siciliane),Red Blend,Di Giovanna
US,"The tannins are so fierce on this baby Cabernet that they effectively lock it down and make it tough to drink now. Yet there's a fabulous core of blackberries that are rich, ripe and intense. Everything about it suggests ageability. Give it at least eight years in a proper cellar, and it could age even longer.",Not specified,95,65.0,California,Howell Mountain,Napa,Unknown,Not provided,La Jota Vineyard 2009 Cabernet Sauvignon (Howell Mountain),Cabernet Sauvignon,La Jota Vineyard
US,"The tannins are so fierce on this baby Cabernet that they effectively lock it down and make it tough to drink now. Yet there's a fabulous core of blackberries that are rich, ripe and intense. Everything about it suggests ageability. Give it at least eight years in a proper cellar, and it could age even longer.",Not specified,95,55.0,California,Howell Mountain,Napa,Unknown,Not provided,La Jota Vineyard 2009 Merlot (Howell Mountain),Merlot,La Jota Vineyard
Italy,"This offers aromas and flavors suggesting unripe apricot, peach and lime. The simple palate is a bit raw, but crisp acidity gives it clean, bright finish.",Vermentino del marchese,85,20.0,Sicily & Sardinia,Sicilia,Not applicable,Kerin O’Keefe,@kerinokeefe,Marchesi De Gregorio 2015 Vermentino del marchese White (Sicilia),White Blend,Marchesi De Gregorio
Italy,"This offers aromas and flavors suggesting unripe apricot, peach and lime. The simple palate is a bit raw, but crisp acidity gives it clean, bright finish.",Not specified,87,39.0,Sicily & Sardinia,Terre Siciliane,Not applicable,Kerin O’Keefe,@kerinokeefe,MandraRossa 2015 Zibibbo (Terre Siciliane),Zibibbo,MandraRossa
Italy,"This opens with subtle aromas of wild flower and a whiff of exotic fruit. The bright fruity palate offers white peach, apple and a hint of honeydew melon. It's straightforward and refreshing.",Ventidue,93,35.0,Southern Italy,Fiano di Avellino,Not applicable,Kerin O’Keefe,@kerinokeefe,Villa Raiano 2014 Ventidue (Fiano di Avellino),Fiano,Villa Raiano
Italy,"This opens with subtle aromas of wild flower and a whiff of exotic fruit. The bright fruity palate offers white peach, apple and a hint of honeydew melon. It's straightforward and refreshing.",Vigne di Sande,87,17.0,Veneto,Soave,Not applicable,Kerin O’Keefe,@kerinokeefe,Villa Canestrari 2016 Vigne di Sande (Soave),Garganega,Villa Canestrari
US,"This wine shows some of the less appealing aspects of American oak: overt spice and vanilla flavors and a slick, oily mouthfeel.",Not specified,82,14.0,New York,North Fork of Long Island,Long Island,Joe Czerwinski,@JoeCz,Hargrave 1998 Chardonnay (North Fork of Long Island),Chardonnay,Hargrave
US,"This wine shows some of the less appealing aspects of American oak: overt spice and vanilla flavors and a slick, oily mouthfeel.",Hargrave Vineyard,82,14.0,New York,North Fork of Long Island,Long Island,Joe Czerwinski,@JoeCz,Castello di Borghese 1998 Hargrave Vineyard Chardonnay (North Fork of Long Island),Chardonnay,Castello di Borghese
Italy,"This zesty red has pretty aromas that suggest small red berry, blue flower and a whiff of moist soil. The vibrant palate offers sour cherry, pomegranate and a hint of anise alongside zesty acidity and refined tannins.",Not specified,88,30.0,Tuscany,Rosso di Montalcino,Not applicable,Kerin O’Keefe,@kerinokeefe,Ridolfi 2014 Rosso di Montalcino,Sangiovese,Ridolfi
Italy,"This zesty red has pretty aromas that suggest small red berry, blue flower and a whiff of moist soil. The vibrant palate offers sour cherry, pomegranate and a hint of anise alongside zesty acidity and refined tannins.",Not specified,87,30.0,Tuscany,Rosso di Montalcino,Not applicable,Kerin O’Keefe,@kerinokeefe,Carpineto 2014 Rosso di Montalcino,Sangiovese,Carpineto
US,"Very ripe and forward in baked fruit or pie-filling flavors of cherries and raspberries, spiced with cinnamon, anise and nutmeg. The wine is a bit simple and is ready to drink now.",Reserve,85,48.0,California,Santa Ynez Valley,Central Coast,Unknown,Not provided,Sunstone 2006 Reserve Syrah (Santa Ynez Valley),Syrah,Sunstone
US,"Very ripe and forward in baked fruit or pie-filling flavors of cherries and raspberries, spiced with cinnamon, anise and nutmeg. The wine is a bit simple and is ready to drink now.",Not specified,84,45.0,California,Santa Ynez Valley,Central Coast,Unknown,Not provided,Sunstone 2006 Syrah (Santa Ynez Valley),Syrah,Sunstone
Italy,"Vibrant and spicy, this savory red delivers aromas and flavors of ripe blackberry, black cherry, ground pepper and chopped Mediterranean herb. Firm, fine-grained tannins support the juicy flavors. An anise note backs up the finish.",Grotta Rossa,89,14.0,Sicily & Sardinia,Carignano del Sulcis,Not applicable,Kerin O’Keefe,@kerinokeefe,Cantina Santadi 2012 Grotta Rossa (Carignano del Sulcis),Carignano,Cantina Santadi
Italy,"Vibrant and spicy, this savory red delivers aromas and flavors of ripe blackberry, black cherry, ground pepper and chopped Mediterranean herb. Firm, fine-grained tannins support the juicy flavors. An anise note backs up the finish.",Costera,90,18.0,Sicily & Sardinia,Cannonau di Sardegna,Not applicable,Kerin O’Keefe,@kerinokeefe,Argiolas 2013 Costera (Cannonau di Sardegna),Red Blend,Argiolas
